"","Species","Region","Time","Value","Metric","Warm_Core_Rings_n","MONTHLY_PPD_MEDIAN_month_08_gCarbon_m_2_Day","WEEKLY_PPD_MEDIAN_week_31_gCarbon_m_2_Day","WEEKLY_PPD_MEDIAN_week_34_gCarbon_m_2_Day","WEEKLY_PPD_RATIO_ANOMALY_week_31_","WEEKLY_PPD_RATIO_ANOMALY_week_32_","summer_stock_gC_m_2_d_1"
"1","Haddock","Eastern Georges Bank",1998,28756,"Abundance",22,0.8677391,0.862168,0.9713385,0.7275527,0.7483322,0.746613973865021
"2","Haddock","Eastern Georges Bank",1999,33890,"Abundance",20,0.9660626,1.005485,0.9509371,0.8253437,0.8197098,0.819817862804086
"3","Haddock","Eastern Georges Bank",2000,46228,"Abundance",27,1.064999,1.023094,1.084989,0.8349309,0.9570758,0.863611142674966
"4","Haddock","Eastern Georges Bank",2001,38881,"Abundance",36,0.950203,0.972145,0.9452755,0.8126169,0.8150623,0.777166758799269
"5","Haddock","Eastern Georges Bank",2002,70908,"Abundance",32,1.246622,1.278432,1.235009,0.9945396,1.023682,1.00091110029007
"6","Haddock","Eastern Georges Bank",2003,65291,"Abundance",42,1.196714,1.1597,1.160323,0.9456992,1.03518,0.960392903684633
"7","Haddock","Eastern Georges Bank",2004,47873,"Abundance",36,1.053661,1.123885,0.9607896,0.9599637,0.8833078,0.88774728464486
"8","Haddock","Eastern Georges Bank",2005,83322,"Abundance",41,1.217052,1.27554,1.220785,1.061527,1.042782,0.982671473619511
"9","Haddock","Eastern Georges Bank",2006,96828,"Abundance",39,1.308472,1.308445,1.384596,1.124002,1.194758,1.0909296498924
